{
  "best_epoch": 29,
  "best_val_loss": 0.16210179030895233,
  "roc_auc": 0.9534677514618156,
  "avg_precision": 0.0009454696580587509,
  "recall_at_percentile": {
    "80": 1.0,
    "90": 1.0,
    "95": 0.6
  },
  "channel_reconstruction_error": {
    "Cross-Channel": {
      "normal_mse": 0.12929648160934448,
      "insider_mse": 2.1199557781219482,
      "ratio": 16.396082489910036
    },
    "Auth": {
      "normal_mse": 0.12586311995983124,
      "insider_mse": 0.31593242287635803,
      "ratio": 2.510127056894718
    },
    "File": {
      "normal_mse": 0.13712859153747559,
      "insider_mse": 0.4115571081638336,
      "ratio": 3.0012494371121723
    },
    "USB": {
      "normal_mse": 0.11900997161865234,
      "insider_mse": 1.2484829425811768,
      "ratio": 10.490574240129497
    },
    "Email": {
      "normal_mse": 0.21097736060619354,
      "insider_mse": 0.6056901216506958,
      "ratio": 2.870877329730491
    },
    "HTTP": {
      "normal_mse": 0.2070971578359604,
      "insider_mse": 1.2140594720840454,
      "ratio": 5.862270080237846
    },
    "PC": {
      "normal_mse": 0.16455769538879395,
      "insider_mse": 0.04867700859904289,
      "ratio": 0.2958051185879558
    },
    "Other": {
      "normal_mse": 0.13932844996452332,
      "insider_mse": 0.5714500546455383,
      "ratio": 4.1014599300505
    }
  }
}