{
  "best_epoch": 37,
  "best_val_loss": 0.15678182244300842,
  "roc_auc": 0.73012972326645,
  "avg_precision": 0.0019065340572927412,
  "recall_at_percentile": {
    "80": 0.43478260869565216,
    "90": 0.3695652173913043,
    "95": 0.2608695652173913
  },
  "channel_reconstruction_error": {
    "Cross-Channel": {
      "normal_mse": 0.09230554103851318,
      "insider_mse": 0.07043209671974182,
      "ratio": 0.7630321639126195
    },
    "Auth": {
      "normal_mse": 0.12477070838212967,
      "insider_mse": 0.6970016956329346,
      "ratio": 5.586260626959484
    },
    "File": {
      "normal_mse": 0.13625533878803253,
      "insider_mse": 0.40843361616134644,
      "ratio": 2.997560461074716
    },
    "USB": {
      "normal_mse": 0.11319676041603088,
      "insider_mse": 0.31601327657699585,
      "ratio": 2.7917166128743927
    },
    "Email": {
      "normal_mse": 0.2108127474784851,
      "insider_mse": 1.2196201086044312,
      "ratio": 5.785324289883854
    },
    "HTTP": {
      "normal_mse": 0.19590917229652405,
      "insider_mse": 0.4126245677471161,
      "ratio": 2.1062034151345204
    },
    "PC": {
      "normal_mse": 0.14656448364257812,
      "insider_mse": 0.3371424973011017,
      "ratio": 2.3003014708753025
    },
    "Other": {
      "normal_mse": 0.13698652386665344,
      "insider_mse": 0.9427492618560791,
      "ratio": 6.882058433527212
    }
  }
}